epoch,train_loss,val_loss,monitor_value,improved,lr,elapsed_seconds
1,1.929974,1.829997,1.829997,True,0.000500,0.913738
2,1.820453,1.719164,1.719164,True,0.000500,0.303887
