{
  "aux_database": {
    "database_id": "aux_database",
    "events": 8975,
    "weeks": 104,
    "robots": 2,
    "sample_share": 0.05559237625663547,
    "weekly_cv": 0.08773180872386986,
    "task_count_cv_mean": 0.22977318141718056,
    "day_entropy_mean": 1.7758212524625947,
    "time_entropy_mean": 2.597872750027297,
    "duration_modal_share_mean": 1.0,
    "scarcity_score": 0.3935798935638903,
    "volatility_score": 0.21302700904766775,
    "rigidity_score": 0.6563517305932519,
    "history_dropout": 0.06722958722766684,
    "history_noise_std": 0.011839497339097258,
    "feature_dropout": 0.05935798935638903,
    "feature_noise_std": 0.008871597871277805,
    "occurrence_label_smoothing": 0.03820007504010123,
    "occurrence_delta_target_sigma": 1.0162837613095848,
    "occurrence_count_shrink_weight": 0.062246923087071394,
    "occurrence_confidence_penalty": 0.003648639148511122,
    "temporal_day_label_smoothing": 0.03393953485914787,
    "temporal_time_target_sigma": 1.9261474161830598,
    "temporal_anchor_weight": 0.09037296890809776,
    "temporal_day_prior_weight": 0.1392237392406713,
    "temporal_time_prior_weight": 0.16024859915630146,
    "temporal_confidence_penalty": 0.003255059254947232,
    "temporal_time_smoothness_weight": 0.0016132138052231161
  },
  "aux_database_1": {
    "database_id": "aux_database_1",
    "events": 4712,
    "weeks": 104,
    "robots": 1,
    "sample_share": 0.029186771801812405,
    "weekly_cv": 0.0841196722384398,
    "task_count_cv_mean": 0.3508150703295414,
    "day_entropy_mean": 1.7976256717553505,
    "time_entropy_mean": 2.3283075373085795,
    "duration_modal_share_mean": 1.0,
    "scarcity_score": 0.42749781007212895,
    "volatility_score": 0.33519782838399387,
    "rigidity_score": 0.7477103291958799,
    "history_dropout": 0.07129973720865547,
    "history_noise_std": 0.012687445251803224,
    "feature_dropout": 0.0627497810072129,
    "feature_noise_std": 0.00954995620144258,
    "occurrence_label_smoothing": 0.04478280363896621,
    "occurrence_delta_target_sigma": 1.1689972854799924,
    "occurrence_count_shrink_weight": 0.06788436626706039,
    "occurrence_confidence_penalty": 0.003919982480577032,
    "temporal_day_label_smoothing": 0.03807884707128633,
    "temporal_time_target_sigma": 2.2654923810321135,
    "temporal_anchor_weight": 0.09468738678710119,
    "temporal_day_prior_weight": 0.1515325578783483,
    "temporal_time_prior_weight": 0.1739250643092759,
    "temporal_confidence_penalty": 0.0034924846705049026,
    "temporal_time_smoothness_weight": 0.0019253912769122456
  },
  "aux_database_2": {
    "database_id": "aux_database_2",
    "events": 4263,
    "weeks": 104,
    "robots": 1,
    "sample_share": 0.026405604454823064,
    "weekly_cv": 0.053803941227515695,
    "task_count_cv_mean": 0.114407153449739,
    "day_entropy_mean": 1.4965638133877492,
    "time_entropy_mean": 2.5093003165010805,
    "duration_modal_share_mean": 1.0,
    "scarcity_score": 0.431855578296271,
    "volatility_score": 0.0,
    "rigidity_score": 0.9241464794474806,
    "history_dropout": 0.07182266939555253,
    "history_noise_std": 0.012796389457406776,
    "feature_dropout": 0.0631855578296271,
    "feature_noise_std": 0.009637111565925421,
    "occurrence_label_smoothing": 0.03159277891481355,
    "occurrence_delta_target_sigma": 0.75,
    "occurrence_count_shrink_weight": 0.07602009259846883,
    "occurrence_confidence_penalty": 0.003954844626370168,
    "temporal_day_label_smoothing": 0.03159277891481355,
    "temporal_time_target_sigma": 1.431855578296271,
    "temporal_anchor_weight": 0.13089757753369766,
    "temporal_day_prior_weight": 0.1709014214176594,
    "temporal_time_prior_weight": 0.19544602379739934,
    "temporal_confidence_penalty": 0.003522989048073897,
    "temporal_time_smoothness_weight": 0.0012637111565925421
  },
  "nexus_schedule_10years": {
    "database_id": "nexus_schedule_10years",
    "events": 32732,
    "weeks": 522,
    "robots": 1,
    "sample_share": 0.20274648018185984,
    "weekly_cv": 0.2658246411150752,
    "task_count_cv_mean": 0.5285986408093957,
    "day_entropy_mean": 1.7879029277001717,
    "time_entropy_mean": 3.8001089272045796,
    "duration_modal_share_mean": 1.0,
    "scarcity_score": 0.11482005281244319,
    "volatility_score": 0.9979709512384585,
    "rigidity_score": 0.1581412735787588,
    "history_dropout": 0.03377840633749318,
    "history_noise_std": 0.00487050132031108,
    "feature_dropout": 0.03148200528124432,
    "feature_noise_std": 0.0032964010562488637,
    "occurrence_label_smoothing": 0.0556598406901605,
    "occurrence_delta_target_sigma": 1.997463689048073,
    "occurrence_count_shrink_weight": 0.02728325968760409,
    "occurrence_confidence_penalty": 0.0014185604224995455,
    "temporal_day_label_smoothing": 0.03570042166539133,
    "temporal_time_target_sigma": 3.6097474309085893,
    "temporal_anchor_weight": 0.029507728996043744,
    "temporal_day_prior_weight": 0.06534630134900186,
    "temporal_time_prior_weight": 0.07816255705444652,
    "temporal_confidence_penalty": 0.0013037403696871024,
    "temporal_time_smoothness_weight": 0.0026255820081018035
  },
  "nexus_schedule_5years": {
    "database_id": "nexus_schedule_5years",
    "events": 16368,
    "weeks": 261,
    "robots": 1,
    "sample_share": 0.10138562836419046,
    "weekly_cv": 0.2666097198451716,
    "task_count_cv_mean": 0.5276763940076333,
    "day_entropy_mean": 1.787738653307908,
    "time_entropy_mean": 3.798626889129958,
    "duration_modal_share_mean": 1.0,
    "scarcity_score": 0.2554711085197531,
    "volatility_score": 0.9989980212692477,
    "rigidity_score": 0.15887944519766942,
    "history_dropout": 0.05065653302237037,
    "history_noise_std": 0.008386777712993827,
    "feature_dropout": 0.04554711085197531,
    "feature_noise_std": 0.0061094221703950615,
    "occurrence_label_smoothing": 0.06273347627675757,
    "occurrence_delta_target_sigma": 1.9987475265865597,
    "occurrence_count_shrink_weight": 0.03364577491728401,
    "occurrence_confidence_penalty": 0.0025437688681580247,
    "temporal_day_label_smoothing": 0.04275351585137261,
    "temporal_time_target_sigma": 3.7529661616928727,
    "temporal_anchor_weight": 0.02954231834135067,
    "temporal_day_prior_weight": 0.07555289989477051,
    "temporal_time_prior_weight": 0.08950322210530058,
    "temporal_confidence_penalty": 0.0022882977596382715,
    "temporal_time_smoothness_weight": 0.0029089382595780017
  },
  "robot_schedule_5years": {
    "database_id": "robot_schedule_5years",
    "events": 19542,
    "weeks": 261,
    "robots": 2,
    "sample_share": 0.12104581802865408,
    "weekly_cv": 0.21815999739795894,
    "task_count_cv_mean": 0.28093610111440637,
    "day_entropy_mean": 1.7188689534484847,
    "time_entropy_mean": 3.146127896828643,
    "duration_modal_share_mean": 1.0,
    "scarcity_score": 0.24006036487599908,
    "volatility_score": 0.6057069454444527,
    "rigidity_score": 0.48100658059064083,
    "history_dropout": 0.048807243785119886,
    "history_noise_std": 0.008001509121899977,
    "feature_dropout": 0.04400603648759991,
    "feature_noise_std": 0.005801207297519982,
    "occurrence_label_smoothing": 0.04623129606157807,
    "occurrence_delta_target_sigma": 1.5071336818055658,
    "occurrence_count_shrink_weight": 0.04744801254599879,
    "occurrence_confidence_penalty": 0.002420482919007993,
    "temporal_day_label_smoothing": 0.03411715715268901,
    "temporal_time_target_sigma": 2.7543277284871306,
    "temporal_anchor_weight": 0.060239848070782614,
    "temporal_day_prior_weight": 0.10923305697486113,
    "temporal_time_prior_weight": 0.12692561886095682,
    "temporal_confidence_penalty": 0.0021804225541319933,
    "temporal_time_smoothness_weight": 0.0020915346206409036
  },
  "robot_schedule_gamma": {
    "database_id": "robot_schedule_gamma",
    "events": 72495,
    "weeks": 111,
    "robots": 15,
    "sample_share": 0.4490439350111185,