epoch,train_loss,val_loss,monitor_value,improved,lr,elapsed_seconds
1,6.682511,5.452698,5.452698,True,0.000300,0.693048
2,4.502815,3.373593,3.373593,True,0.000300,0.575606
